{"intents": [
        {"tag": "greeting",
         "patterns": ["Hi there", "How are you", "Is anyone there?","Hey","Hola", "Hello", "Good day"],
         "responses": ["Hello, thanks for asking", "Good to see you again", "Hi there, how can I help?"],
         "context": [""]
        },
        {"tag": "goodbye",
         "patterns": ["Bye", "See you later", "Goodbye", "Nice chatting to you, bye", "Till next time"],
         "responses": ["See you!", "Have a nice day", "Bye! Come back again soon."],
         "context": [""]
        },
        {"tag": "thanks",
         "patterns": ["Thanks", "Thank you", "That's helpful", "Awesome, thanks", "Thanks for helping me"],
         "responses": ["Happy to help!", "Any time!", "My pleasure"],
         "context": [""]
        },
        {"tag": "noanswer",
         "patterns": [],
         "responses": ["Sorry, can't understand you", "Please give me more info", "Not sure I understand"],
         "context": [""]
        },
        {"tag": "options",
         "patterns": ["How you could help me?", "What you can do?", "What help you provide?", "How you can be helpful?", "What support is offered"],
         "responses": ["I can guide you through the locations of room, Details about room service etc"],
         "context": [""]
        },
        {"tag": "reception",
         "patterns": ["location of the reception area?" ],
         "responses": ["just opposite of car parking area"],
         "context": [""]
        },
        {"tag": "qr" ,
         "patterns": ["where is the QR code scanner is located?" ],
         "responses": ["once you enter the reception area, you will see the QR code scanner box board"],
         "context": [""]
        },
        {"tag": "lift",
         "patterns": ["where is the lift is located?" ],
         "responses": ["if you enter the reception area you can see the lift to the right of the QRcode scanner"],
         "context": [""]
        },
        {"tag": "235",
         "patterns": ["where is the room number 235 given to us","location of room number 235" ],
         "responses": ["when we reach the second floor, the room will be situated second middle on the right of the lift"],
         "context": [""]
        },
        {"tag": "352",
         "patterns": ["location of room number 318" ],
         "responses": ["the fourth room left opposite side of the lift on the third floor"],
         "context": [""]
        },
        {"tag": "heater",
         "patterns": ["heater is available in the room?" ],
         "responses": ["yes, heater is attached to every bathrooms you can use at any time"],
         "context": [""]
        },
        {"tag": "number",
         "patterns": ["hotal customer service number?" ],
         "responses": ["9003861220"],
         "context": [""]
        },
        {"tag": "boy",
         "patterns": ["Room boy service number?" ],
         "responses": ["9994518870"],
         "context": [""]
        },
        {"tag": "laundary",
         "patterns": ["laundary service number?" ],
         "responses": ["9947980530"],
         "context": [""]
        },
        {"tag": "special events",
         "patterns": ["can we celebrate our special day programs here?"],
         "responses": ["Yes, ofcourse"],
         "context": [""]
        },
        {"tag": "Program manager",
         "patterns": ["Program manager number?" ],
         "responses": ["9526880168"],
         "context": [""]
        },
        {"tag": "prize",
         "patterns": ["prize deatails of the programs?" ],
         "responses": ["Its dependended on the programs"],
         "context": [""]
        },
        {"tag": "cab",
         "patterns": ["cab booking number?" ],
         "responses": ["8887564321"],
         "context": [""]
        },
        {"tag": "travelling",
         "patterns": ["which are the tourist places near the hotal?" ],
         "responses": ["kovalam, kanyakumari, ponmudi"],
         "context": [""]
        },
        {"tag": "kovalam",
         "patterns": ["how far kovalam from the hotal" ],
         "responses": ["85km"],
         "context": [""]
        },
        {"tag": "",
         "patterns": ["" ],
         "responses": [""],
         "context": [""]
        },
		{"tag": "",
         "patterns": [" " ],
         "responses": [""],
         "context": [""]
		}
        
   ]
}
